Cell_1,Cell_2,Cell_3
24.002071,21.919811,19.963339
23.852392,32.09045,20.459806
